Constituency Number,Constituency,Winner,Party,Runner-up,Party,Vote Margin,State,Year
1,Valmiki Nagar,Rajesh Singh,Janata Dal (United),Mukesh Kumar Kushwaha,Rashtriya Janata Dal,14671,Bihar,2010
2,Ramnagar,Bhagirathi Devi,Bharatiya Janata Party,Naresh Ram,Indian National Congress,29782,Bihar,2010
3,Narkatiaganj,Rashmi Verma,Bharatiya Janata Party,Fakrudin Kha,Indian National Congress,20228,Bihar,2010
4,Bagaha,Prabhat Ranjan Singh,Janata Dal (United),Ram Prasad Yadav,Rashtriya Janata Dal,49055,Bihar,2010
5,Lauriya,Vinay Bihari,Independent,Pradeep Singh,Janata Dal (United),10881,Bihar,2010
6,Nautan,Manorma Prasad,Janata Dal (United),Narayan Prasad,Lok Jan Shakti Party,22764,Bihar,2010
7,Chanpatia,Chandra Mohan Rai,Bharatiya Janata Party,Ejaj Hussain,Bahujan Samaj Party,23412,Bihar,2010
8,Bettiah,Renu Devi,Bharatiya Janata Party,Anil Kumar Jha,Independent,28789,Bihar,2010
9,Sikta,Dilip Varma,Independent,Khurshid Urf Firoj Ahamad,Janata Dal (United),8779,Bihar,2010
10,Raxaul,Ajay Kumar Singh,Bharatiya Janata Party,Raj Nandan Rai,Lok Jan Shakti Party,10117,Bihar,2010
11,Sugauli,Ramchandra Sahani,Bharatiya Janata Party,Vijay Prasad Gupta,Rashtriya Janata Dal,12379,Bihar,2010
12,Narkatia,Shyam Bihari Prasad,Janata Dal (United),Yasmin Sabir Ali,Lok Jan Shakti Party,7688,Bihar,2010
13,Harsidhi,Krishana Nandan Paswan,Bharatiya Janata Party,Surendra Kumar Chandra Alias Satish Paswan,Rashtriya Janata Dal,18064,Bihar,2010
14,Govindganj,Meena Dwivedi,Janata Dal (United),Raju Tiwari,Lok Jan Shakti Party,8405,Bihar,2010
15,Kesaria,Sachindra Pd. Singh,Bharatiya Janata Party,Ram Saran Pd. Yadav,Communist Party of India,11683,Bihar,2010
16,Kalyanpur,Razia Khatoon,Janata Dal (United),Manoj Kumar Yadav,Rashtriya Janata Dal,15402,Bihar,2010
17,Pipra,Awadhesh Prasad Kushwaha,Janata Dal (United),Subhodh Yadav,Rashtriya Janata Dal,11887,Bihar,2010
18,Madhuban,Shivjee Rai,Janata Dal (United),Rana Randhir,Rashtriya Janata Dal,10122,Bihar,2010
19,Motihari,Pramod Kumar,Bharatiya Janata Party,Rajesh Gupta Alias Bablu Gupta,Rashtriya Janata Dal,24530,Bihar,2010
20,Chiraia,Laxmi Narayan Pr. Yadav,Rashtriya Janata Dal,Lal Babu Pr. Gupta,Bharatiya Janata Party,628,Bihar,2010
21,Dhaka,Pawan Kumar Jaiswal,Independent,Faisal Rahman,Janata Dal (United),712,Bihar,2010
22,Sheohar,Sharfuddin,Janata Dal (United),Pratima Devi,Bahujan Samaj Party,1631,Bihar,2010
23,Riga,Motilal Prasad,Bharatiya Janata Party,Amit Kumar,Indian National Congress,22327,Bihar,2010
24,Bathnaha,Dinkar Ram,Bharatiya Janata Party,Lalita Devi,Lok Jan Shakti Party,13292,Bihar,2010
25,Parihar,Ram Naresh Pr. Yadav.,Bharatiya Janata Party,Ramchandra Purve,Rashtriya Janata Dal,4218,Bihar,2010
26,Sursand,Shahid Ali Khan,Janata Dal (United),Jainandan Prasad Yadav,Rashtriya Janata Dal,1186,Bihar,2010
27,Bajpatti,Ranju Geeta,Janata Dal (United),Md. Anwarul Haque,Rashtriya Janata Dal,3420,Bihar,2010
28,Sitamarhi,Sunil Kumar Alias Pintu,Bharatiya Janata Party,Raghwendra Kumar Singh,Lok Jan Shakti Party,5221,Bihar,2010
29,Runisaidpur,Guddi Devi,Janata Dal (United),Ram Shatrughan Rai,Rashtriya Janata Dal,10759,Bihar,2010
30,Belsand,Sunita Singh,Janata Dal (United),Sanjay Kumar Gupta,Rashtriya Janata Dal,19580,Bihar,2010
31,Harlakhi,Shaligram Yadav,Janata Dal (United),Ram Naresh Pandey,Communist Party of India,6659,Bihar,2010
32,Benipatti,Vinod Narain Jha,Bharatiya Janata Party,Mahesh Chandra Singh,Lok Jan Shakti Party,12642,Bihar,2010
33,Khajauli,Arun Shankar Prasad,Bharatiya Janata Party,Sitaram Yadav,Rashtriya Janata Dal,10713,Bihar,2010
34,Babubarhi,Uma Kant Yadav,Rashtriya Janata Dal,Kapildeb Kamat,Janata Dal (United),4913,Bihar,2010
35,Bisfi,Faiyaj Ahmad,Rashtriya Janata Dal,Md Ausaf,Janata Dal (Secular),9501,Bihar,2010
36,Madhubani,Ram Deo Mahto,Bharatiya Janata Party,Naiyar Azam,Rashtriya Janata Dal,588,Bihar,2010
37,Rajnagar,Ramavtar Paswan,Rashtriya Janata Dal,Ramprit Paswan,Bharatiya Janata Party,2459,Bihar,2010
38,Jhanjharpur,Nitish Mishra,Janata Dal (United),Jagat Narayan Singh,Rashtriya Janata Dal,20681,Bihar,2010
39,Phulparas,Guljar Devi,Janata Dal (United),Virendra Kumar Chaudhary,Rashtriya Janata Dal,12344,Bihar,2010
40,Laukaha,Satish Kumar Sah,Janata Dal (United),Dr. Mukhtar Ahmed,Rashtriya Janata Dal,22763,Bihar,2010
41,Nirmali,Aniruddha Prasad Yadav,Janata Dal (United),Vijay Kumar Gupta,Indian National Congress,46010,Bihar,2010
42,Pipra,Sujata Devi,Janata Dal (United),Dinbandhu Yadav,Lok Jan Shakti Party,14686,Bihar,2010
43,Supaul,Bijendra Prasad Yadav,Janata Dal (United),Ravindra Kumar Raman,Rashtriya Janata Dal,15400,Bihar,2010
44,Tribeniganj,Amla Devi,Janata Dal (United),Anant Kumar Bharti,Lok Jan Shakti Party,19023,Bihar,2010
45,Chhatapur,Neeraj Kumar Singh**,Janata Dal (United),Akeel Ahmad,Rashtriya Janata Dal,23730,Bihar,2010
46,Narpatganj,Devanti Yadav,Bharatiya Janata Party,Anil Kumar Yadav,Rashtriya Janata Dal,6937,Bihar,2010
47,Raniganj,Parmanand Rishideo,Bharatiya Janata Party,Shanti Devi,Rashtriya Janata Dal,23653,Bihar,2010
48,Forbesganj,Padam Parag Roy 'Venu',Bharatiya Janata Party,Maya Nand Thakur,Lok Jan Shakti Party,26827,Bihar,2010
49,Araria,Zakir Hussain Khan,Lok Jan Shakti Party,Narayan Kumar Jha,Bharatiya Janata Party,18061,Bihar,2010
50,Jokihat,Sarfraz Alam,Janata Dal (United),Koshar Zia,Independent,25330,Bihar,2010
51,Sikti,Anandi Prasad Yadav,Bharatiya Janata Party,Vijay Kumar Mandal,Lok Jan Shakti Party,9874,Bihar,2010
52,Bahadurganj,Mohammad Tousif Alam,Indian National Congress,Mohammad Maswar Alam,Janata Dal (United),3799,Bihar,2010
53,Thakurganj,Naushad Alam,Janata Dal (United),Gopal Kumar Agarwal,Lok Jan Shakti Party,6963,Bihar,2010
54,Kishanganj,Mohammad Jawaid,Indian National Congress,Sweety Singh,Bharatiya Janata Party,264,Bihar,2010
55,Kochadhaman,Mujahid Alam,Janata Dal (United),Sadiq Samdani,Indian National Congress,10238,Bihar,2010
56,Amour,Saba Zafar,Bharatiya Janata Party,Abdul Jalil Mastan,Indian National Congress,18828,Bihar,2010
57,Baisi,Abdus Subhan,Rashtriya Janata Dal,Saiyad Ruknudin,Janata Dal (United),5067,Bihar,2010
58,Kasba,Md. Afaque Alam,Indian National Congress,Pradip Kumar Das,Bharatiya Janata Party,4455,Bihar,2010
59,Banmankhi,Krishna Kumar Rishi,Bharatiya Janata Party,Dharmlal Rishi,Rashtriya Janata Dal,44890,Bihar,2010
60,Rupauli,Bima Bharti,Janata Dal (United),Shankar Singh,Lok Jan Shakti Party,37716,Bihar,2010
61,Dhamdaha,Leshi Singh,Janata Dal (United),Irshad Ahmad Khan,Indian National Congress,44697,Bihar,2010
62,Purnia,Kiran Devi,Bharatiya Janata Party,Ram Charitra Yadav,Indian National Congress,23665,Bihar,2010
63,Katihar,Tar Kishore Prasad,Bharatiya Janata Party,Ram Prakash Mahto,Rashtriya Janata Dal,20607,Bihar,2010
64,Kadwa,Bhola Ray,Bharatiya Janata Party,Himraj Singh,Nationalist Congress Party,18367,Bihar,2010
65,Balrampur,Dulal Chandra Goshwami,Independent,Mahboob Alam,Communist Party of India (Marxist–Leninist) Liberation,2704,Bihar,2010
66,Pranpur,Binod Kumar Singh,Bharatiya Janata Party,Israt Parween,Nationalist Congress Party,716,Bihar,2010
67,Manihari,Manohar Prasad Singh,Janata Dal (United),Gita Kisku,Nationalist Congress Party,4165,Bihar,2010
68,Barari,Bibhasha Chandra Choudhary,Bharatiya Janata Party,Mohammed Shakoor,Nationalist Congress Party,27168,Bihar,2010
69,Korha,Mahesh Paswan,Bharatiya Janata Party,Sunita Devi,Indian National Congress,52444,Bihar,2010
70,Alamnagar,Narendra Narayan Yadav,Janata Dal (United),Lovely Anand,Indian National Congress,42345,Bihar,2010
71,Bihariganj,Renu Kumari,Janata Dal (United),Prabhash Kumar,Rashtriya Janata Dal,49997,Bihar,2010
72,Singheshwar,Ramesh Rishidev,Janata Dal (United),Amit Kumar Bharti,Rashtriya Janata Dal,15196,Bihar,2010
73,Madhepura,Chandrashekhar,Rashtriya Janata Dal,Ramendra Kumar Yadav Ravi,Janata Dal (United),11944,Bihar,2010
74,Sonbarsa,Ratnesh Sada,Janata Dal (United),Sarita Devi,Lok Jan Shakti Party,31445,Bihar,2010
75,Saharsa,Alok Ranjan,Bharatiya Janata Party,Arun Kumar,Rashtriya Janata Dal,7979,Bihar,2010
76,Simri Bakhtiarpur,Dr Arun Kumar,Janata Dal (United),Choudhry Mehboob Ali Kaisar,Indian National Congress,18842,Bihar,2010
77,Mahishi,Dr Abdul Ghafoor,Rashtriya Janata Dal,Raj Kumar Sah,Janata Dal (United),1717,Bihar,2010
78,Kusheshwar Asthan,Shashi Bhushan Hajari,Bharatiya Janata Party,Ramchandra Paswan,Lok Jan Shakti Party,5512,Bihar,2010
79,Gora Bauram,Izhar Ahmad,Janata Dal (United),Mahavir Prasad,Rashtriya Janata Dal,10602,Bihar,2010
80,Benipur,Gopal Jee Thakur,Bharatiya Janata Party,Hare Krishna Yadav,Rashtriya Janata Dal,13957,Bihar,2010
81,Alinagar,Abdul Bari Siddiqui,Rashtriya Janata Dal,Prabhakar Choudhary,Janata Dal (United),4989,Bihar,2010
82,Darbhanga Rural,Lalit Kumar Yadav,Rashtriya Janata Dal,Ashraf Hussain,Janata Dal (United),3676,Bihar,2010
83,Darbhanga,Sanjay Saraogi,Bharatiya Janata Party,Sultan Ahmad,Rashtriya Janata Dal,27554,Bihar,2010
84,Hayaghat,Amarnath Gami,Bharatiya Janata Party,Shahnawaz Ahmad Kaifee,Lok Jan Shakti Party,6025,Bihar,2010
85,Bahadurpur,Madan Sahni,Janata Dal (United),Harinandan Yadav,Rashtriya Janata Dal,643,Bihar,2010
86,Keoti,Ashok Kumar Yadav,Bharatiya Janata Party,Faraz Fatmi,Rashtriya Janata Dal,29,Bihar,2010
87,Jale,Vijay Kumar Mishra,Bharatiya Janata Party,Ramniwas Pd.,Rashtriya Janata Dal,16942,Bihar,2010
88,Gaighat,Veena Devi,Bharatiya Janata Party,Maheshwar Prasad Yadav,Rashtriya Janata Dal,15987,Bihar,2010
89,Aurai,Ram Surat Rai,Bharatiya Janata Party,Surendra Kumar,Rashtriya Janata Dal,11741,Bihar,2010
90,Minapur,Dinesh Prasad,Janata Dal (United),Rajeev Kumar Urph Munna Yadav,Rashtriya Janata Dal,5402,Bihar,2010
91,Bochaha,Ramai Ram,Janata Dal (United),Musafir Paswan,Rashtriya Janata Dal,24127,Bihar,2010
92,Sakra,Suresh Chanchal,Janata Dal (United),Lal Babu Ram,Rashtriya Janata Dal,13045,Bihar,2010
93,Kurhani,Manoj Kumar Singh,Janata Dal (United),Bijendra Chaudhary,Lok Jan Shakti Party,1570,Bihar,2010
94,Muzaffarpur,Suresh Kumar Sharma,Bharatiya Janata Party,Mohhammad Jamal,Lok Jan Shakti Party,46439,Bihar,2010
95,Kanti,Ajit Kumar**,Samajwadi Party,Md. Israil,Rashtriya Janata Dal,8415,Bihar,2010
96,Baruraj,Brij Kishor Singh,Bharatiya Janata Party,Nand Kumar Rai,Janata Dal (United),14317,Bihar,2010
97,Paroo,Ashok Kumar Singh,Bharatiya Janata Party,Mithilesh Prasad Yadav,Rashtriya Janata Dal,19027,Bihar,2010
98,Sahebganj,Raju Kumar Singh,Janata Dal (United),Ram Vichar Ray,Rashtriya Janata Dal,4916,Bihar,2010
99,Baikunthpur,Manjeet Kumar Singh,Janata Dal (United),Devdatt Prasad,Rashtriya Janata Dal,36524,Bihar,2010
100,Barauli,Ram Pravesh Rai,Bharatiya Janata Party,M.Nematullah,Rashtriya Janata Dal,10414,Bihar,2010
101,Gopalganj,Subas Singh,Bharatiya Janata Party,"Reyazul Haque Alias ""Raju""",Rashtriya Janata Dal,15893,Bihar,2010
102,Kuchaikote,Amrendra Kumar Pandey,Janata Dal (United),Aditya Narain Pandey,Rashtriya Janata Dal,19518,Bihar,2010
103,Bhorey,Idradeo Majhi,Bharatiya Janata Party,Bachchan Das,Rashtriya Janata Dal,43570,Bihar,2010
104,Hathua,Ram Sewak Singh,Janata Dal (United),Rajesh Kumar Singh,Rashtriya Janata Dal,22847,Bihar,2010
105,Siwan,Vyasdeo Prasad,Bharatiya Janata Party,Awadhvihari Chaudhry,Rashtriya Janata Dal,12541,Bihar,2010
106,Ziradei,Asha Devi,Bharatiya Janata Party,Amarjeet Kushwaha,Communist Party of India (Marxist–Leninist) Liberation,8920,Bihar,2010
107,Darauli,Ramayan Manjhi,Bharatiya Janata Party,Satyadeo Ram,Communist Party of India (Marxist–Leninist) Liberation,7006,Bihar,2010
108,Raghunathpur,Vikram Kunwar,Bharatiya Janata Party,Amar Nath Yadav,Communist Party of India (Marxist–Leninist) Liberation,15112,Bihar,2010
109,Daraundha,Jagmato Devi,Janata Dal (United),Binod Kumar Singh,Rashtriya Janata Dal,31135,Bihar,2010
110,Barharia,Shyam Bahadur Singh,Janata Dal (United),Mahamad Mobin,Rashtriya Janata Dal,25121,Bihar,2010
111,Goriyakothi,Bhumendra Narayan Singh,Bharatiya Janata Party,Indradeo Prasad,Rashtriya Janata Dal,14021,Bihar,2010
112,Maharajganj,Damodar Singh,Janata Dal (United),Manik Chand Rai,Rashtriya Janata Dal,20000,Bihar,2010
113,Ekma,Manoranjan Singh,Janata Dal (United),Kameshwar Kr. Singh,Rashtriya Janata Dal,29201,Bihar,2010
114,Manjhi,Gautam Singh,Janata Dal (United),Hem Narayan Singh,Rashtriya Janata Dal,7904,Bihar,2010
115,Baniapur,Kedar Nath Singh,Rashtriya Janata Dal,Virendra Kumar Ojha,Janata Dal (United),3575,Bihar,2010
116,Taraiya,Janak Singh,Bharatiya Janata Party,Tarkeshwar Singh,Indian National Congress,6970,Bihar,2010
117,Marhaura,Jitendra Kumar Rai,Rashtriya Janata Dal,Lal Babu Ray,Janata Dal (United),5624,Bihar,2010
118,Chapra,Janardan Singh Sigriwal,Bharatiya Janata Party,Pramendra Ranjan Singh,Rashtriya Janata Dal,35871,Bihar,2010
119,Garkha,Gyan Chand Manjhi,Bharatiya Janata Party,Muneshwar Chaudhary,Rashtriya Janata Dal,1787,Bihar,2010
120,Amnour,Krishana Kumar,Janata Dal (United),Sunil Kumar,Independent,10517,Bihar,2010
121,Parsa,Chhotelal Rai,Janata Dal (United),Chandrika Rai,Rashtriya Janata Dal,4689,Bihar,2010
122,Sonpur,Vinay Kumar Singh,Bharatiya Janata Party,Rabri Devi,Rashtriya Janata Dal,20685,Bihar,2010
123,Hajipur,Nityanand Roy,Bharatiya Janata Party,Rajendra Rai,Lok Jan Shakti Party,16609,Bihar,2010
124,Lalganj,Annu Shukla,Janata Dal (United),Raj Kumar Sah,Independent,24145,Bihar,2010
125,Vaishali,Brishin Patel,Janata Dal (United),Veena Shahi,Rashtriya Janata Dal,12828,Bihar,2010
126,Mahua,Ravindra Ray,Hinustani Awam Morcha,Jageshwar Ray,Rashtriya Janata Dal,21925,Bihar,2010
127,Raja Pakar,Sanjay Kumar,Janata Dal (United),Gaurishankar Paswan,Lok Jan Shakti Party,10215,Bihar,2010
128,Raghopur,Satish Kumar,Janata Dal (United),Rabri Devi,Rashtriya Janata Dal,13006,Bihar,2010
129,Manhar,Achyuatanand,Bharatiya Janata Party,Rama Kishor Singh,Lok Jan Shakti Party,2489,Bihar,2010
130,Patepur,Mahendra Baitha,Bharatiya Janata Party,Prema Chaudhary,Rashtriya Janata Dal,16667,Bihar,2010
131,Kalyanpur,Ramsewak Hazari,Janata Dal (United),Bishwnath Paswan,Lok Jan Shakti Party,30197,Bihar,2010
132,Warisnagar,Ashok Kumar,Janata Dal (United),Gajendra Prasad Singh,Rashtriya Janata Dal,19500,Bihar,2010
133,Samastipur,Akhtarul Islam Sahin,Rashtriya Janata Dal,Ramnath Thakur,Janata Dal (United),1827,Bihar,2010
134,Ujiarpur,Durga Prasad Singh,Rashtriya Janata Dal,Ram Lakhan Mahto,Janata Dal (United),13031,Bihar,2010
135,Morwa,Baidhnath Sahani,Janata Dal (United),Ashok Singh,Rashtriya Janata Dal,6850,Bihar,2010
136,Sarairanjan,Vijay Kumar Chaudhary,Janata Dal (United),Ramashraya Sahni,Rashtriya Janata Dal,17557,Bihar,2010
137,Mohiuddinnagar,Rana Gangeshwar Singh,Bharatiya Janata Party,Ajay Kumar Bulganin,Rashtriya Janata Dal,14351,Bihar,2010
138,Bibhutpur,Ram Balak Singh,Janata Dal (United),Ramdeo Verma,Communist Party of India (Marxist),12301,Bihar,2010
139,Rosera,Manju Hajari,Bharatiya Janata Party,Pitamber Paswan,Rashtriya Janata Dal,12119,Bihar,2010
140,Hasanpur,Raj Kumar Ray,Janata Dal (United),Sunil Kumar Puspam,Rashtriya Janata Dal,3291,Bihar,2010
141,Cheria Bariarpur,Kumari Manju Verma,Janata Dal (United),Anil Kumar Chaudhary,Lok Jan Shakti Party,1061,Bihar,2010
142,Bachhwara,Abdhesh Kumar Rai,Communist Party of India,Arvind Kumar Singh,Independent,12087,Bihar,2010
143,Teghra,Lalan Ku.,Bharatiya Janata Party,Ram Ratan Singh,Communist Party of India,5846,Bihar,2010
144,Matihani,Narendra Kumar Singh Urf Bogo Singh,Janata Dal (United),Abhay Kumar Sarjan,Indian National Congress,23828,Bihar,2010
145,Sahebpur Kamal,Parveen Amanullah,Janata Dal (United),Shreenarayan Yadav,Rashtriya Janata Dal,11111,Bihar,2010
146,Begusarai,Surendra Mehta,Bharatiya Janata Party,Upendra Prasad Singh,Lok Jan Shakti Party,19618,Bihar,2010
147,Bakhri,Ramanand Ram,Bharatiya Janata Party,Ram Binod Paswan,Lok Jan Shakti Party,18412,Bihar,2010
148,Alauli,Ram Chandra Sada,Janata Dal (United),Pashupati Kumar Paras,Lok Jan Shakti Party,17523,Bihar,2010
149,Khagaria,Poonam Devi Yadav,Hindustani Awam Morcha,Sushila Devi,Lok Jan Shakti Party,26853,Bihar,2010
150,Beldaur,"Pannalal Singh ""Patel""",Janata Dal (United),Sunita Sharma,Lok Jan Shakti Party,15738,Bihar,2010
151,Parbatta,Samrat Choudhary Alias Rakesh Kumar,Rashtriya Janata Dal,Ramanand Prasad Singh,Janata Dal (United),808,Bihar,2010
152,Bihpur,Kumar Shailendra,Bharatiya Janata Party,Shailesh Kumar @ Bulo Mandal,Rashtriya Janata Dal,465,Bihar,2010
153,Gopalpur,Narendra Kumar Niraj,Janata Dal (United),Amit Rana,Rashtriya Janata Dal,25060,Bihar,2010
154,Pirpainti,Aman Kumar,Bharatiya Janata Party,Ram Vilash Paswan,Rashtriya Janata Dal,5752,Bihar,2010
155,Kahalgaon,Sadanand Singh,Indian National Congress,Kahkashan Perween,Janata Dal (United),8935,Bihar,2010
156,Bhagalpur,Ashwini Kumar Choubey,Bharatiya Janata Party,Ajeet Sharma,Indian National Congress,11060,Bihar,2010
157,Sultanganj,Subodh Rai,Janata Dal (United),Ramavatar Mandal,Rashtriya Janata Dal,4845,Bihar,2010
158,Nathnagar,Ajai Kumar Mandal,Janata Dal (United),Abu Kaishar,Rashtriya Janata Dal,4727,Bihar,2010
159,Amarpur,Janardan Manjhi,Janata Dal (United),Surendra Prasad Singh,Rashtriya Janata Dal,18007,Bihar,2010
160,Dhuraiya,Manish Kumar,Janata Dal (United),Naresh Das,Rashtriya Janata Dal,8342,Bihar,2010
161,Banka,,,,,,,
162,Katoria,Sonelal Hembram,Bharatiya Janata Party,Suklal Besara,Rashtriya Janata Dal,8763,,
163,Belhar,Giridhari Yadav,Janata Dal (United),Ramdeo Yadav,Rashtriya Janata Dal,7616,,
164,Tarapur,Neeta Choudhary,Janata Dal (United),Shakuni Choudhary,Rashtriya Janata Dal,13878,,
165,Munger,Anant Kumar Satyarthy,Janata Dal (United),Shabnam Perwin,Rashtriya Janata Dal,17613,,
166,Jamalpur,Shailesh Kumar,Janata Dal (United),Sadhana Devi,Lok Jan Shakti Party,21142,,
167,Suryagarha,Prem Ranjan Patel,Bharatiya Janata Party,Prahlad Yadav,Rashtriya Janata Dal,2928,,
168,Lakhisarai,Vijay Kumar Sinha,Bharatiya Janata Party,Fulaina Singh,Rashtriya Janata Dal,59620,,
169,Sheikhpura,Randhir Kumar Soni,Janata Dal (United),Sunila Devi,Indian National Congress,7342,,
170,Barbigha,Gajanand Shahi,Janata Dal (United),Ashok Choudhary,Indian National Congress,3047,,
171,Asthawan,Jitendra Kumar,Janata Dal (United),Kapildev Prasad Singh,Lok Jan Shakti Party,19570,,
172,Biharsharif,Sunil Kumar,Bharatiya Janata Party,Aafrin Sultana,Rashtriya Janata Dal,23713,,
173,Rajgir,Satyadeo Narain Arya,Bharatiya Janata Party,Dhananjay Kumar,Lok Jan Shakti Party,26951,,
174,Islampur,Rajib Ranjan*,Janata Dal (United),Virendra Gop,Rashtriya Janata Dal,23808,,
175,Hilsa,Usha Sinha,Janata Dal (United),Rina Devi,Lok Jan Shakti Party,13202,,
176,Nalanda,Shrawon Kumar,Janata Dal (United),Arun Kumar,Rashtriya Janata Dal,21037,,
177,Harnaut,Harinarayan Singh,Janata Dal (United),Arun Kumar,Lok Jan Shakti Party,15042,,
178,Mokama,Anant Kumar Singh,Independent,Sonam Devi,Lok Jan Shakti Party,8954,,
179,Barh,Gyanendra Kumar Singh,Janata Dal (United),Vijay Krishna,Rashtriya Janata Dal,19395,,
180,Bakhtiarpur,Aniruddh Kumar,Rashtriya Janata Dal,Vinode Yadav,Bharatiya Janata Party,14745,,
181,Digha,Punam Devi,Janata Dal (United),Satya Nand Sharma,Lok Jan Shakti Party,60462,,
182,Bankipur,Nitin Nabin,Bharatiya Janata Party,Binod Kumar Srivastava,Rashtriya Janata Dal,60840,,
183,Kumhrarh,Arun Kumar Sinha,Bharatiya Janata Party,Md. Kamal Parwez,Lok Jan Shakti Party,67808,,
184,Patna Sahib,Nand Kishore Yadav,Bharatiya Janata Party,Parvej Ahmad,Indian National Congress,65337,,
185,Fatwah,Ramanand Yadav,Rashtriya Janata Dal,Ajay Kumar Singh,Janata Dal (United),9656,,
186,Danapur,Asha Devi,Bharatiya Janata Party,Rit Lal Ray,Independent,17919,,
187,Maner,Bhai Virendra,Rashtriya Janata Dal,Srikant Nirala,Janata Dal (United),9601,,
188,Phulwari,Shyam Rajak,Janata Dal (United),Uday Kumar,Rashtriya Janata Dal,21180,,
189,Masaurhi,Arun Manjhi,Janata Dal (United),Anil Kumar,Lok Jan Shakti Party,5032,,
190,Paliganj,Usha Vidyarthi,Bharatiya Janata Party,Jai Vardhan Yadav,Rashtriya Janata Dal,10242,,
191,Bikram,Anil Kumar,Bharatiya Janata Party,Siddharth,Lok Jan Shakti Party,2352,,
192,Sandesh,Sanjay Singh (Tiger),Bharatiya Janata Party,Arun Kumar,Independent,6822,,
193,Barhara,Raghwendra Pratap Singh,Samajwadi Party,Asha Devi,Janata Dal (United),1083,,
194,Arrah,Amrendra Pratap Singh,Bharatiya Janata Party,Shree Kumar Singh,Lok Jan Shakti Party,18940,,
195,Agiaon,Shivesh Kumar,Bharatiya Janata Party,Suresh Paswan,Rashtriya Janata Dal,5249,,
196,Tarari,Narendra Kumar Pandey Alias Sunil Pandey,Janata Dal (United),Adib Rizvi,Rashtriya Janata Dal,14320,,
197,Jagdishpur,Dinesh Kumar Singh,Rashtriya Janata Dal,Sribhagwan Singh Kushwaha,Janata Dal (United),10186,,
198,Shahpur,Munni Devi,Bharatiya Janata Party,Dharmpal Singh,Rashtriya Janata Dal,8211,,
199,Barhampur,Dilmarni Devi,Bharatiya Janata Party,Ajit Chaudhary,Rashtriya Janata Dal,20342,,
200,Buxar,Prof. Sukhada Pande,Bharatiya Janata Party,Shyam Lal Singh Kushwaha,Rashtriya Janata Dal,20183,,
201,Dumraon,Daud Ali,Janata Dal (United),Sunil Kumar,Rashtriya Janata Dal,19846,,
202,Rajpur,Santosh Kumar Nirala,Janata Dal (United),Chhedi Lal Ram,Lok Jan Shakti Party,15239,,
203,Ramgarh,Ambika Singh,Rashtriya Janata Dal,Ashok Kumar Singh,Independent,2978,,
204,Mohania,Chhedi Paswan,Janata Dal (United),Niranjan Ram,Rashtriya Janata Dal,2525,,
205,Bhabua,Pramod Kumar Singh,Lok Jan Shakti Party,Anand Bhushan Pandey,Bharatiya Janata Party,447,,
206,Chainpur,Brij Kishor Vind,Bharatiya Janata Party,Ajay Alok,Bahujan Samaj Party,13580,,
207,Chenari,Shyam Bihari Ram,Janata Dal (United),Lalan Pasawan,Rashtriya Janata Dal,2901,,
208,Sasaram,Jawahar Prasad,Bharatiya Janata Party,Ashok Kumar,Rashtriya Janata Dal,5411,,
209,Kargahar,Ram Dhani Singh,Janata Dal (United),Shiv Shankar Singh,Lok Jan Shakti Party,13197,,
210,Dinara,Jay Kumar Singh,Janata Dal (United),Sita Sundari Devi,Rashtriya Janata Dal,16610,,
211,Nokha,Rameshwar Prasad,Bharatiya Janata Party,Kanti Singh,Rashtriya Janata Dal,11723,,
212,Dehri,Jyoti Rashmi,Independent,Mohammad Iliyas Husain,Rashtriya Janata Dal,9815,,
213,Karakat,Rajeshwar Raj**,Janata Dal (United),Munna Rai,Rashtriya Janata Dal,11415,,
214,Arwal,Chitranjan Kumar,Bharatiya Janata Party,Mahanand Prasad,Communist Party of India (Marxist–Leninist) Liberation,4202,,
215,Kurtha,Satyadev Singh,Janata Dal (United),Shiv Bachan Yadav,Rashtriya Janata Dal,9493,,
216,Jahanabad,Abhiram Sharma,Janata Dal (United),Sachchita Nand Yadav,Rashtriya Janata Dal,8567,,
217,Ghosi,Rahul Kumar**,Janata Dal (United),Jagdish Prasad,Lok Jan Shakti Party,14276,,
218,Makhdumpur,Jitan Ram Manjhi,Janata Dal (United),Dharmraj Paswan,Rashtriya Janata Dal,5085,,
219,Goh,Ranvijay Kumar,Janata Dal (United),Ram Ayodhya Prasad Yadav,Rashtriya Janata Dal,694,,
220,Obra,Somprakash Singh,Independent,Pramod Singh Chadravanshi,Janata Dal (United),802,,
221,Nabinagar,Virendra Kumar Singh,Janata Dal (United),Vijay Kumar Singh,Lok Jan Shakti Party,11834,,
222,Kutumba,Lalan Ram,Janata Dal (United),Suresh Paswan,Rashtriya Janata Dal,13910,,
223,Aurangabad,Ramadhar Singh,Bharatiya Janata Party,Sunil Kumar Singh,Rashtriya Janata Dal,6242,,
224,Rafiganj,Ashok Kumar Singh,Janata Dal (United),Mohammad Nehaluddin,Rashtriya Janata Dal,23685,,
225,Gurua,Surendra Prasad Sinha,Bharatiya Janata Party,Bindeshwari Prasad Yadav,Rashtriya Janata Dal,11436,,
226,Sherghati,Vinod Prasad Yadav,Janata Dal (United),Sushama Devi,Independent,6503,,
227,Imamganj,Uday Narain Choudhary,Janata Dal (United),Raushan Kumar,Rashtriya Janata Dal,1211,,
228,Barachatti,Jyoti Devi,Janata Dal (United),Samta Devi,Rashtriya Janata Dal,23746,,
229,Bodh Gaya,Shyam Deo Paswan,Bharatiya Janata Party,Kumar Sarvjeet,Lok Jan Shakti Party,11213,,
230,Gaya Town,Prem Kumar,Bharatiya Janata Party,Jalal Uddin Ansari,Communist Party of India,28417,,
231,Tikari,Abhay kumar kushwaha,Janata Dal (United),Bagi Kumar Verma,Rashtriya Janata Dal,18541,,
232,Belaganj,Surendra Prasad Yadav,Rashtriya Janata Dal,Mohammad Amzad,Janata Dal (United),4638,,
233,Atri,Krishna Nandan Yadav,Janata Dal (United),Kunti Devi,Rashtriya Janata Dal,20610,,
234,Wazirganj,Virendra Singh,Bharatiya Janata Party,Awadhesh Kumar Singh,Indian National Congress,17766,,
235,Rajauli,Kanhaiya Kumar,Bharatiya Janata Party,Prakash Bir,Rashtriya Janata Dal,14090,,
236,Hisua,Anil Singh,Bharatiya Janata Party,Anil Mehta,Lok Jan Shakti Party,3978,,
237,Nawada,Purnima Yadav,Janata Dal (United),Rajballabh Prasad,Rashtriya Janata Dal,6337,,
238,Gobindpur,Kaushal Yadav,Janata Dal (United),Prof. K. B. Prasad,Lok Jan Shakti Party,20887,,
239,Warsaliganj,Pradip Kumar,Janata Dal (United),Aruna Devi,Indian National Congress,5428,,
240,Sikandra,Rameshwar Paswan,Janata Dal (United),Subhash Chandra Bosh,Lok Jan Shakti Party,12361,,
241,Jamui,Ajay Pratap,Janata Dal (United),Vijay Prakash,Rashtriya Janata Dal,24467,,
242,Jhajha,Damodar Rawat,Janata Dal (United),Binod Prasad Yadav,Rashtriya Janata Dal,10204,,
243,Chakai,Sumit Kumar Singh,Jharkhand Mukti Morcha,Bijay Kumar Singh,Lok Jan Shakti Party,188,,
